name,website,location,yes_split,no_split
Leo Cras Industries,https://ebay.com,Arizona,48,101
Amet Limited,http://youtube.com,Wisconsin,87,38
Sociosqu Ad Litora Associates,http://wikipedia.org,California,95,58
Vestibulum Industries,https://reddit.com,Indiana,40,69
Ut Molestie In Foundation,https://pinterest.com,Illinois,2,41
Eros Proin Inc.,https://google.com,Utah,88,129
Donec Nibh LLP,https://youtube.com,Ohio,66,22
A Inc.,https://netflix.com,California,106,91
Lacinia Incorporated,https://bbc.co.uk,Missouri,120,149
In Associates,https://twitter.com,Alaska,72,25
Sed Limited,https://ebay.com,Vermont,128,17
Ac Eleifend Vitae Industries,http://whatsapp.com,Maryland,141,19
Tellus Faucibus Inc.,http://bbc.co.uk,Hawaii,36,99
Sodales Purus In Corporation,http://nytimes.com,California,46,132
Nec Enim Inc.,http://netflix.com,Hawaii,17,101
Integer Aliquam Consulting,https://reddit.com,Hawaii,27,12
Posuere Cubilia Incorporated,http://reddit.com,Alaska,96,121
Venenatis Lacus Etiam Corporation,https://facebook.com,Arkansas,50,25
Tristique Senectus Institute,http://yahoo.com,Illinois,26,6
Velit Eu Institute,http://baidu.com,Nevada,149,69
Elementum Purus Industries,http://guardian.co.uk,Arkansas,75,3
Vulputate Mauris Sagittis Limited,http://yahoo.com,Missouri,131,42
Arcu Limited,https://ebay.com,Mississippi,76,124
Purus PC,https://netflix.com,Idaho,135,93
Vitae Sodales PC,https://guardian.co.uk,Texas,18,95
Phasellus Fermentum Convallis Corporation,https://cnn.com,Washington,71,117
A Tortor Industries,https://google.com,Vermont,82,92
Volutpat Nulla Corporation,https://yahoo.com,Vermont,42,122
Commodo Incorporated,http://reddit.com,Maryland,60,147
Lobortis Nisi Institute,http://bbc.co.uk,Georgia,82,102
Massa Lobortis Foundation,http://twitter.com,Illinois,106,117
Tellus Imperdiet Institute,http://google.com,Utah,23,101
Diam Corporation,http://google.com,Nevada,145,39
Donec Incorporated,http://cnn.com,Florida,108,48
Purus Gravida Sagittis Corporation,http://guardian.co.uk,Utah,78,70
Lobortis Mauris Associates,https://baidu.com,Michigan,10,67
Sit Amet Ultricies Inc.,https://whatsapp.com,Ohio,100,127
Ac Mattis Ornare Corporation,http://wikipedia.org,Florida,25,20
Nunc Sed Corporation,https://pinterest.com,Colorado,41,46
Turpis Limited,https://youtube.com,Kentucky,52,19
Nec Tempus Limited,http://bbc.co.uk,Louisiana,37,83
Ut Incorporated,http://instagram.com,Tennessee,56,124
Duis Mi LLC,http://google.com,Arizona,56,57
Eget Limited,http://ebay.com,Arkansas,50,86
Dui Ltd,http://guardian.co.uk,Oregon,2,24
Libero Corporation,https://instagram.com,Alaska,41,57
Tristique Corporation,http://facebook.com,Hawaii,32,19
Amet Diam Company,http://nytimes.com,Minnesota,68,70
Lobortis Augue PC,http://yahoo.com,Michigan,31,137
Nunc Associates,http://naver.com,Montana,102,24
Integer Foundation,http://nytimes.com,Utah,28,68
Urna Ut LLP,https://pinterest.com,Michigan,73,85
Mauris Quis Limited,https://yahoo.com,Montana,133,42
Orci In Corporation,http://cnn.com,Massachusetts,19,114
Tincidunt Pede LLC,http://twitter.com,California,31,48
Non Leo Inc.,https://twitter.com,Utah,75,118
Nisi Cum Sociis Corporation,https://google.com,Louisiana,10,100
Iaculis LLP,http://zoom.us,Texas,88,121
Eleifend Egestas LLP,http://ebay.com,Ohio,106,135
Dolor Limited,https://netflix.com,Arkansas,0,88
Malesuada Fames LLP,http://instagram.com,Vermont,68,115
Est Congue Incorporated,https://bbc.co.uk,Nevada,105,125
Integer Vitae Corp.,http://zoom.us,Maryland,143,126
Imperdiet Erat PC,http://bbc.co.uk,Nevada,141,32
Montes Associates,http://instagram.com,Oregon,3,109
Augue Scelerisque Incorporated,http://reddit.com,Ohio,46,97
Ante Inc.,https://wikipedia.org,Nevada,65,121
Dictum Eu Incorporated,https://cnn.com,Pennsylvania,1,7
Nonummy Ipsum Industries,http://baidu.com,Utah,5,129
Neque Associates,http://reddit.com,Arizona,113,74
Elementum Purus Industries,https://yahoo.com,Wyoming,134,79
Convallis Est LLC,https://yahoo.com,Georgia,17,118
Et Ultrices Industries,http://netflix.com,Idaho,146,74
Aliquet Nec Foundation,https://wikipedia.org,Nevada,5,25
Sit Amet Orci Foundation,http://youtube.com,Wyoming,98,120
Eu Institute,http://netflix.com,Oregon,30,34
Vivamus Molestie Corporation,https://guardian.co.uk,Indiana,52,24
Sagittis Lobortis Corporation,http://cnn.com,Nebraska,131,29
Aliquam Gravida Foundation,http://pinterest.com,Idaho,43,100
Vulputate Risus A Incorporated,http://twitter.com,Michigan,32,26
Ut Nulla Cras LLP,https://reddit.com,Utah,71,81
Lacus Limited,https://cnn.com,Oregon,15,99
In Dolor Fusce Company,https://bbc.co.uk,Montana,20,78
Velit Corporation,http://baidu.com,Texas,140,85
Nulla Inc.,https://facebook.com,Vermont,54,48
Egestas Hendrerit Neque Corporation,http://whatsapp.com,Alabama,130,138
Justo Eu Incorporated,http://whatsapp.com,Louisiana,101,68
Vel Sapien Imperdiet Inc.,https://yahoo.com,Idaho,104,29
Gravida Non Industries,https://nytimes.com,Vermont,139,133
Malesuada Corporation,https://baidu.com,Oregon,94,20
Proin Vel PC,http://zoom.us,Wyoming,107,58
Mauris Limited,https://google.com,Texas,66,144
Interdum Sed LLP,https://facebook.com,Maryland,114,144
Ultricies Company,http://guardian.co.uk,Alabama,96,37
Rhoncus Nullam Associates,http://walmart.com,Texas,41,60
Mauris Morbi Non Institute,http://instagram.com,Nebraska,87,117
Amet Dapibus Id Limited,http://youtube.com,Alaska,69,124
Diam At Incorporated,https://whatsapp.com,Indiana,145,125
Lorem Consulting,http://yahoo.com,Kentucky,29,39
Tincidunt Nibh Foundation,https://zoom.us,Missouri,38,8
