email,encrypted_password
sit@yahoo.com,TPX14SRA6HD
dapibus@aol.couk,QLD64TEN2QO
senectus.et.netus@icloud.ca,LXI10XSV4SJ
aliquet.diam.sed@hotmail.ca,FJI41EIJ2NX
nunc@protonmail.edu,UIB03GXW4VS
sit.amet@protonmail.com,QJD25WNY9XL
egestas@protonmail.couk,QEW70ZOZ5LX
lorem.ipsum@outlook.org,BYB75IIO6EL
enim.etiam@aol.org,NTN37ZNO8SX
integer.eu@aol.edu,IYY76THY0WT
nec@hotmail.net,DQF93LQC2RP
phasellus.dolor@protonmail.edu,WCX94MAL8IE
placerat.augue.sed@icloud.ca,GCS55ADR6RU
ornare.libero@yahoo.edu,RKX11CEO3IP
dictum@hotmail.edu,AKF40NJN4WX
